name,email,alphanumeric
Robin Salas,neque.et.nunc@yahoo.ca,GXS46FKS8KE
Julie Chang,ultrices@outlook.edu,DHW78FIH3FZ
Vera Donovan,vel.arcu@protonmail.couk,GIJ24CVF8UD
Velma Bruce,nibh.sit@outlook.org,MNP38JYW3QJ
Grant Bonner,etiam.imperdiet.dictum@google.net,VXV20NPV9TP
Erich Patrick,justo.eu.arcu@outlook.edu,GMH78XMX7SR
Brian Bush,nec.cursus@google.org,PWU75VXM9QP
Ezra Puckett,donec.est@google.org,FSR72GYX4QO
Giacomo Martinez,gravida.praesent.eu@yahoo.org,PYK63IUU2TK
Francis Stevens,penatibus.et.magnis@hotmail.org,ASP41PBL3HB
Hadley Maxwell,sed.nec.metus@outlook.edu,BJZ87NEF9YB
Bruno Dodson,augue@outlook.net,UEE65OMJ6YL
Steel Pope,dui.cras@google.ca,KJW18PLV1EN
Gage Boyer,ligula.aenean@outlook.ca,GVX07PGO5HE
Zeus Ortega,morbi.vehicula@aol.couk,LIV17NFL8XJ
